Restaurant,url
The Bikalan,https://www.tripadvisor.com.my/Restaurant_Review-g298309-d15262645-Reviews-The_Bikalan-Kuching_Sarawak.html
Indah House Kuching,https://www.tripadvisor.com.my/Restaurant_Review-g298309-d6886452-Reviews-Indah_House_Kuching-Kuching_Sarawak.html
Zinc Restaurant and Bar,https://www.tripadvisor.com.my/Restaurant_Review-g298309-d7162248-Reviews-Zinc_Restaurant_and_Bar-Kuching_Sarawak.html
Lepau Restaurant,https://www.tripadvisor.com.my/Restaurant_Review-g298309-d7003219-Reviews-Lepau_Restaurant-Kuching_Sarawak.html
Bla Bla Bla,https://www.tripadvisor.com.my/Restaurant_Review-g298309-d1166396-Reviews-Bla_Bla_Bla-Kuching_Sarawak.html
Ceylonese Restaurant,https://www.tripadvisor.com.my/Restaurant_Review-g298309-d12049474-Reviews-Ceylonese_Restaurant-Kuching_Sarawak.html
Balkanico,https://www.tripadvisor.com.my/Restaurant_Review-g298309-d10432225-Reviews-Balkanico-Kuching_Sarawak.html
Borneo Delight,https://www.tripadvisor.com.my/Restaurant_Review-g298309-d2442684-Reviews-Borneo_Delight-Kuching_Sarawak.html
James Brooke Bistro,https://www.tripadvisor.com.my/Restaurant_Review-g298309-d940748-Reviews-James_Brooke_Bistro-Kuching_Sarawak.html
The Junk,https://www.tripadvisor.com.my/Restaurant_Review-g298309-d1166408-Reviews-The_Junk-Kuching_Sarawak.html
Choon Hui Cafe,https://www.tripadvisor.com.my/Restaurant_Review-g298309-d3703143-Reviews-Choon_Hui_Cafe-Kuching_Sarawak.html
Top Spot Ling Loong Seafood No.6 & 33,https://www.tripadvisor.com.my/Restaurant_Review-g298309-d4138223-Reviews-Top_Spot_Ling_Loong_Seafood_No_6_33-Kuching_Sarawak.html
Roots Bistronomy,https://www.tripadvisor.com.my/Restaurant_Review-g298309-d15616667-Reviews-Roots_Bistronomy-Kuching_Sarawak.html
Lima.Tujoh Cafe,https://www.tripadvisor.com.my/Restaurant_Review-g298309-d10685057-Reviews-Lima_Tujoh_Cafe-Kuching_Sarawak.html
Feast and Furious Cafe,https://www.tripadvisor.com.my/Restaurant_Review-g298309-d10050667-Reviews-Feast_and_Furious_Cafe-Kuching_Sarawak.html
The.Dyak,https://www.tripadvisor.com.my/Restaurant_Review-g298309-d2409971-Reviews-The_Dyak-Kuching_Sarawak.html
Life Cafe - Padungan,https://www.tripadvisor.com.my/Restaurant_Review-g298309-d11444245-Reviews-Life_Cafe_Padungan-Kuching_Sarawak.html
Bear Garden,https://www.tripadvisor.com.my/Restaurant_Review-g298309-d10147568-Reviews-Bear_Garden-Kuching_Sarawak.html
Bella Italia,https://www.tripadvisor.com.my/Restaurant_Review-g298309-d1478681-Reviews-Bella_Italia-Kuching_Sarawak.html
Izakaya Kuching,https://www.tripadvisor.com.my/Restaurant_Review-g298309-d10379981-Reviews-Izakaya_Kuching-Kuching_Sarawak.html
Munch Cafe,https://www.tripadvisor.com.my/Restaurant_Review-g298309-d7204299-Reviews-Munch_Cafe-Kuching_Sarawak.html
Lau Ya Keng Food Court,https://www.tripadvisor.com.my/Restaurant_Review-g298309-d1166400-Reviews-Lau_Ya_Keng_Food_Court-Kuching_Sarawak.html
Toh Yuen,https://www.tripadvisor.com.my/Restaurant_Review-g298309-d1232303-Reviews-Toh_Yuen-Kuching_Sarawak.html
Green Hill Corner Hawker Centre,https://www.tripadvisor.com.my/Restaurant_Review-g298309-d1166405-Reviews-Green_Hill_Corner_Hawker_Centre-Kuching_Sarawak.html
Fig Tree Cafe,https://www.tripadvisor.com.my/Restaurant_Review-g298309-d12350121-Reviews-Fig_Tree_Cafe-Kuching_Sarawak.html
Razzmatazz Bistro & Bar,https://www.tripadvisor.com.my/Restaurant_Review-g298309-d6865313-Reviews-Razzmatazz_Bistro_Bar-Kuching_Sarawak.html
Zhun San Yen Vegetarian Food,https://www.tripadvisor.com.my/Restaurant_Review-g298309-d1166432-Reviews-Zhun_San_Yen_Vegetarian_Food-Kuching_Sarawak.html
Pinoy Fiesta Ihaw Ihaw Restaurant,https://www.tripadvisor.com.my/Restaurant_Review-g298309-d2069005-Reviews-Pinoy_Fiesta_Ihaw_Ihaw_Restaurant-Kuching_Sarawak.html
Kim Joo,https://www.tripadvisor.com.my/Restaurant_Review-g298309-d3646975-Reviews-Kim_Joo-Kuching_Sarawak.html
21 Bistro,https://www.tripadvisor.com.my/Restaurant_Review-g298309-d3314849-Reviews-21_Bistro-Kuching_Sarawak.html
RJ AYAM BAKAR kopitiam,https://www.tripadvisor.com.my/Restaurant_Review-g298309-d3836323-Reviews-RJ_AYAM_BAKAR_kopitiam-Kuching_Sarawak.html
Pinggai Cafe,https://www.tripadvisor.com.my/Restaurant_Review-g298309-d14911814-Reviews-Pinggai_Cafe-Kuching_Sarawak.html
Peridot Kuching,https://www.tripadvisor.com.my/Restaurant_Review-g298309-d11742498-Reviews-Peridot_Kuching-Kuching_Sarawak.html
Sanga Japanese Food,https://www.tripadvisor.com.my/Restaurant_Review-g298309-d7184374-Reviews-Sanga_Japanese_Food-Kuching_Sarawak.html
Topspot Food Court,https://www.tripadvisor.com.my/Restaurant_Review-g298309-d16668480-Reviews-Topspot_Food_Court-Kuching_Sarawak.html
Tribal Stove,https://www.tripadvisor.com.my/Restaurant_Review-g298309-d4289289-Reviews-Tribal_Stove-Kuching_Sarawak.html
Moms Laksa,https://www.tripadvisor.com.my/Restaurant_Review-g298309-d4737127-Reviews-Moms_Laksa-Kuching_Sarawak.html
Grill Wine Cafe,https://www.tripadvisor.com.my/Restaurant_Review-g298309-d9836548-Reviews-Grill_Wine_Cafe-Kuching_Sarawak.html
See Good Food Centre,https://www.tripadvisor.com.my/Restaurant_Review-g298309-d2433846-Reviews-See_Good_Food_Centre-Kuching_Sarawak.html
The Round Tower 1886 Cafe & Restaurant,https://www.tripadvisor.com.my/Restaurant_Review-g298309-d23192874-Reviews-The_Round_Tower_1886_Cafe_Restaurant-Kuching_Sarawak.html
LimeLight Rooftop Lounge,https://www.tripadvisor.com.my/Restaurant_Review-g298309-d1640181-Reviews-LimeLight_Rooftop_Lounge-Kuching_Sarawak.html
The Heritage,https://www.tripadvisor.com.my/Restaurant_Review-g298309-d1070111-Reviews-The_Heritage-Kuching_Sarawak.html
Rock Road Seafood Restaurant,https://www.tripadvisor.com.my/Restaurant_Review-g298309-d1156779-Reviews-Rock_Road_Seafood_Restaurant-Kuching_Sarawak.html
Hui Sing Hawker Center,https://www.tripadvisor.com.my/Restaurant_Review-g298309-d949091-Reviews-Hui_Sing_Hawker_Center-Kuching_Sarawak.html
Cha Bo,https://www.tripadvisor.com.my/Restaurant_Review-g298309-d12363312-Reviews-Cha_Bo-Kuching_Sarawak.html
5 Foot Way,https://www.tripadvisor.com.my/Restaurant_Review-g298309-d4724692-Reviews-5_Foot_Way-Kuching_Sarawak.html
The Carvery Restaurant,https://www.tripadvisor.com.my/Restaurant_Review-g298309-d2455340-Reviews-The_Carvery_Restaurant-Kuching_Sarawak.html
Keeper's Ground,https://www.tripadvisor.com.my/Restaurant_Review-g298309-d14980715-Reviews-Keeper_s_Ground-Kuching_Sarawak.html
Sepinang Sari Cafe & Restaurant,https://www.tripadvisor.com.my/Restaurant_Review-g298309-d4209948-Reviews-Sepinang_Sari_Cafe_Restaurant-Kuching_Sarawak.html
Ken's Kitchen,https://www.tripadvisor.com.my/Restaurant_Review-g298309-d16821173-Reviews-Ken_s_Kitchen-Kuching_Sarawak.html
John's Place,https://www.tripadvisor.com.my/Restaurant_Review-g298309-d1762684-Reviews-John_s_Place-Kuching_Sarawak.html
Basaga,https://www.tripadvisor.com.my/Restaurant_Review-g298309-d2177061-Reviews-Basaga-Kuching_Sarawak.html
Aladdin Cafe,https://www.tripadvisor.com.my/Restaurant_Review-g298309-d6677083-Reviews-Aladdin_Cafe-Kuching_Sarawak.html
Tom's,https://www.tripadvisor.com.my/Restaurant_Review-g298309-d2410588-Reviews-Tom_s-Kuching_Sarawak.html
Kopi O Corner,https://www.tripadvisor.com.my/Restaurant_Review-g298309-d5859190-Reviews-Kopi_O_Corner-Kuching_Sarawak.html
The Kings Curry,https://www.tripadvisor.com.my/Restaurant_Review-g298309-d5863395-Reviews-The_Kings_Curry-Kuching_Sarawak.html
Annie Kolo mee,https://www.tripadvisor.com.my/Restaurant_Review-g298309-d3162752-Reviews-Annie_Kolo_mee-Kuching_Sarawak.html
Magenta Restaurant,https://www.tripadvisor.com.my/Restaurant_Review-g298309-d3327798-Reviews-Magenta_Restaurant-Kuching_Sarawak.html
My Village Barok,https://www.tripadvisor.com.my/Restaurant_Review-g298309-d817555-Reviews-My_Village_Barok-Kuching_Sarawak.html
Aroma Cafe,https://www.tripadvisor.com.my/Restaurant_Review-g298309-d3292306-Reviews-Aroma_Cafe-Kuching_Sarawak.html
KANTIN at The Granary,https://www.tripadvisor.com.my/Restaurant_Review-g298309-d23689943-Reviews-KANTIN_at_The_Granary-Kuching_Sarawak.html
101 Food Center,https://www.tripadvisor.com.my/Restaurant_Review-g298309-d12533773-Reviews-101_Food_Center-Kuching_Sarawak.html
Rojak kucei,https://www.tripadvisor.com.my/Restaurant_Review-g298309-d10030778-Reviews-Rojak_kucei-Kuching_Sarawak.html
Makan Kitchen,https://www.tripadvisor.com.my/Restaurant_Review-g298309-d23819688-Reviews-Makan_Kitchen-Kuching_Sarawak.html
Beach Sea Food Restaurant,https://www.tripadvisor.com.my/Restaurant_Review-g298309-d1869809-Reviews-Beach_Sea_Food_Restaurant-Kuching_Sarawak.html
Minoru,https://www.tripadvisor.com.my/Restaurant_Review-g298309-d3860453-Reviews-Minoru-Kuching_Sarawak.html
Maria Kek Lapis,https://www.tripadvisor.com.my/Restaurant_Review-g298309-d10289007-Reviews-Maria_Kek_Lapis-Kuching_Sarawak.html
Cendol MAMI,https://www.tripadvisor.com.my/Restaurant_Review-g298309-d13231179-Reviews-Cendol_MAMI-Kuching_Sarawak.html
Coconut Milk,https://www.tripadvisor.com.my/Restaurant_Review-g298309-d8640286-Reviews-Coconut_Milk-Kuching_Sarawak.html
Old Baazar Cafe / Daniel's Kitchen,https://www.tripadvisor.com.my/Restaurant_Review-g298309-d4509746-Reviews-Old_Baazar_Cafe_Daniel_s_Kitchen-Kuching_Sarawak.html
Bukit Mata Seafood Restaurant,https://www.tripadvisor.com.my/Restaurant_Review-g298309-d10614811-Reviews-Bukit_Mata_Seafood_Restaurant-Kuching_Sarawak.html
The Container,https://www.tripadvisor.com.my/Restaurant_Review-g298309-d12612291-Reviews-The_Container-Kuching_Sarawak.html
Warong Nusantara,https://www.tripadvisor.com.my/Restaurant_Review-g298309-d7363308-Reviews-Warong_Nusantara-Kuching_Sarawak.html
Howdy Grillhouse,https://www.tripadvisor.com.my/Restaurant_Review-g298309-d3357492-Reviews-Howdy_Grillhouse-Kuching_Sarawak.html
Magna Carta Cafe,https://www.tripadvisor.com.my/Restaurant_Review-g298309-d1951618-Reviews-Magna_Carta_Cafe-Kuching_Sarawak.html
Lok Thian Restaurant,https://www.tripadvisor.com.my/Restaurant_Review-g298309-d5432245-Reviews-Lok_Thian_Restaurant-Kuching_Sarawak.html
Nam Nam Vietnamese Cafe,https://www.tripadvisor.com.my/Restaurant_Review-g298309-d8333398-Reviews-Nam_Nam_Vietnamese_Cafe-Kuching_Sarawak.html
Bombay Masala,https://www.tripadvisor.com.my/Restaurant_Review-g298309-d1070110-Reviews-Bombay_Masala-Kuching_Sarawak.html
Thaali,https://www.tripadvisor.com.my/Restaurant_Review-g298309-d13109096-Reviews-Thaali-Kuching_Sarawak.html
Le Parlour Cafe Studio,https://www.tripadvisor.com.my/Restaurant_Review-g298309-d11750660-Reviews-Le_Parlour_Cafe_Studio-Kuching_Sarawak.html
Mike's smokehouse,https://www.tripadvisor.com.my/Restaurant_Review-g298309-d3725917-Reviews-Mike_s_smokehouse-Kuching_Sarawak.html
Nirawan 9,https://www.tripadvisor.com.my/Restaurant_Review-g298309-d15117663-Reviews-Nirawan_9-Kuching_Sarawak.html
Hoi Tin Lau Restaurant Sdn Bhd,https://www.tripadvisor.com.my/Restaurant_Review-g298309-d4323948-Reviews-Hoi_Tin_Lau_Restaurant_Sdn_Bhd-Kuching_Sarawak.html
Min Hong Kee,https://www.tripadvisor.com.my/Restaurant_Review-g298309-d10175397-Reviews-Min_Hong_Kee-Kuching_Sarawak.html
Blendsmiths,https://www.tripadvisor.com.my/Restaurant_Review-g298309-d20992782-Reviews-Blendsmiths-Kuching_Sarawak.html
Al Dente,https://www.tripadvisor.com.my/Restaurant_Review-g298309-d16883107-Reviews-Al_Dente-Kuching_Sarawak.html
Hong Kong Noodle House,https://www.tripadvisor.com.my/Restaurant_Review-g298309-d3838802-Reviews-Hong_Kong_Noodle_House-Kuching_Sarawak.html
Ruai Bar,https://www.tripadvisor.com.my/Restaurant_Review-g298309-d5121393-Reviews-Ruai_Bar-Kuching_Sarawak.html
The Venue,https://www.tripadvisor.com.my/Restaurant_Review-g298309-d3677845-Reviews-The_Venue-Kuching_Sarawak.html
Alfresco Kuching,https://www.tripadvisor.com.my/Restaurant_Review-g298309-d6350632-Reviews-Alfresco_Kuching-Kuching_Sarawak.html
Tok Janggut,https://www.tripadvisor.com.my/Restaurant_Review-g298309-d817567-Reviews-Tok_Janggut-Kuching_Sarawak.html
Restoran SK Nasi Kandar,https://www.tripadvisor.com.my/Restaurant_Review-g298309-d10309137-Reviews-Restoran_SK_Nasi_Kandar-Kuching_Sarawak.html
Kyushigai,https://www.tripadvisor.com.my/Restaurant_Review-g298309-d16726638-Reviews-Kyushigai-Kuching_Sarawak.html
The Godfather,https://www.tripadvisor.com.my/Restaurant_Review-g298309-d12426644-Reviews-The_Godfather-Kuching_Sarawak.html
Suasana On 18 Fine Dining,https://www.tripadvisor.com.my/Restaurant_Review-g298309-d15635237-Reviews-Suasana_On_18_Fine_Dining-Kuching_Sarawak.html
Sando Ramen Restaurant,https://www.tripadvisor.com.my/Restaurant_Review-g298309-d8830019-Reviews-Sando_Ramen_Restaurant-Kuching_Sarawak.html
Life Cafe @ Train Terrace,https://www.tripadvisor.com.my/Restaurant_Review-g298309-d9598536-Reviews-Life_Cafe_Train_Terrace-Kuching_Sarawak.html
Ahsoh Buntal Seafood,https://www.tripadvisor.com.my/Restaurant_Review-g298309-d11707400-Reviews-Ahsoh_Buntal_Seafood-Kuching_Sarawak.html
I-Cafe,https://www.tripadvisor.com.my/Restaurant_Review-g298309-d5873042-Reviews-I_Cafe-Kuching_Sarawak.html
Destino De Espresso,https://www.tripadvisor.com.my/Restaurant_Review-g298309-d8776200-Reviews-Destino_De_Espresso-Kuching_Sarawak.html
Rusty Bean & Batter,https://www.tripadvisor.com.my/Restaurant_Review-g298309-d8354115-Reviews-Rusty_Bean_Batter-Kuching_Sarawak.html
D'Sea Restaurant,https://www.tripadvisor.com.my/Restaurant_Review-g298309-d12944634-Reviews-D_Sea_Restaurant-Kuching_Sarawak.html
Koreana,https://www.tripadvisor.com.my/Restaurant_Review-g298309-d6885343-Reviews-Koreana-Kuching_Sarawak.html
Engleham 31,https://www.tripadvisor.com.my/Restaurant_Review-g298309-d7767155-Reviews-Engleham_31-Kuching_Sarawak.html
Imperial Duck Restaurant,https://www.tripadvisor.com.my/Restaurant_Review-g298309-d2410587-Reviews-Imperial_Duck_Restaurant-Kuching_Sarawak.html
BBQ King Seafood,https://www.tripadvisor.com.my/Restaurant_Review-g298309-d8765547-Reviews-BBQ_King_Seafood-Kuching_Sarawak.html
Go.Fun Kee Bak Kut Teh,https://www.tripadvisor.com.my/Restaurant_Review-g298309-d4972814-Reviews-Go_Fun_Kee_Bak_Kut_Teh-Kuching_Sarawak.html
Canard eat & roll,https://www.tripadvisor.com.my/Restaurant_Review-g298309-d12302057-Reviews-Canard_eat_roll-Kuching_Sarawak.html
The Story Table,https://www.tripadvisor.com.my/Restaurant_Review-g298309-d13969917-Reviews-The_Story_Table-Kuching_Sarawak.html
Homiez Recipe,https://www.tripadvisor.com.my/Restaurant_Review-g298309-d7929062-Reviews-Homiez_Recipe-Kuching_Sarawak.html
U-Garden Crystal Grill&Steamboat,https://www.tripadvisor.com.my/Restaurant_Review-g298309-d5432631-Reviews-U_Garden_Crystal_Grill_Steamboat-Kuching_Sarawak.html
Ta Wan Kung,https://www.tripadvisor.com.my/Restaurant_Review-g298309-d9585722-Reviews-Ta_Wan_Kung-Kuching_Sarawak.html
Old Rex Cucur Udang Cafe,https://www.tripadvisor.com.my/Restaurant_Review-g298309-d1232363-Reviews-Old_Rex_Cucur_Udang_Cafe-Kuching_Sarawak.html
The Spring,https://www.tripadvisor.com.my/Restaurant_Review-g298309-d5849931-Reviews-The_Spring-Kuching_Sarawak.html
Fork and Knife Restaurant,https://www.tripadvisor.com.my/Restaurant_Review-g298309-d9765776-Reviews-Fork_and_Knife_Restaurant-Kuching_Sarawak.html
Cats Pyjamas Burger,https://www.tripadvisor.com.my/Restaurant_Review-g298309-d12339282-Reviews-Cats_Pyjamas_Burger-Kuching_Sarawak.html
Madam Tang's Cafe,https://www.tripadvisor.com.my/Restaurant_Review-g298309-d10162015-Reviews-Madam_Tang_s_Cafe-Kuching_Sarawak.html
Popular Vegetarian Restaurant,https://www.tripadvisor.com.my/Restaurant_Review-g298309-d10797469-Reviews-Popular_Vegetarian_Restaurant-Kuching_Sarawak.html
Scr,https://www.tripadvisor.com.my/Restaurant_Review-g298309-d2040688-Reviews-Scr-Kuching_Sarawak.html
Asma Cake House,https://www.tripadvisor.com.my/Restaurant_Review-g298309-d13976701-Reviews-Asma_Cake_House-Kuching_Sarawak.html
Mee Kolok Pak Salleh,https://www.tripadvisor.com.my/Restaurant_Review-g298309-d7108311-Reviews-Mee_Kolok_Pak_Salleh-Kuching_Sarawak.html
Sushi King The Spring,https://www.tripadvisor.com.my/Restaurant_Review-g298309-d8341557-Reviews-Sushi_King_The_Spring-Kuching_Sarawak.html
Hilltop House,https://www.tripadvisor.com.my/Restaurant_Review-g298309-d17209956-Reviews-Hilltop_House-Kuching_Sarawak.html
Madeleine Cafe,https://www.tripadvisor.com.my/Restaurant_Review-g298309-d14170238-Reviews-Madeleine_Cafe-Kuching_Sarawak.html
The Secret Sanctuary Restaurant and Lounge,https://www.tripadvisor.com.my/Restaurant_Review-g298309-d3476157-Reviews-The_Secret_Sanctuary_Restaurant_and_Lounge-Kuching_Sarawak.html
Shan City Kopitiam,https://www.tripadvisor.com.my/Restaurant_Review-g298309-d6994170-Reviews-Shan_City_Kopitiam-Kuching_Sarawak.html
Satok Fly Over Cafe,https://www.tripadvisor.com.my/Restaurant_Review-g298309-d5861322-Reviews-Satok_Fly_Over_Cafe-Kuching_Sarawak.html
Tinot Laksa Sarawak,https://www.tripadvisor.com.my/Restaurant_Review-g298309-d817560-Reviews-Tinot_Laksa_Sarawak-Kuching_Sarawak.html
Chef at Home,https://www.tripadvisor.com.my/Restaurant_Review-g298309-d8405495-Reviews-Chef_at_Home-Kuching_Sarawak.html
Masa-Ria 家樂时,https://www.tripadvisor.com.my/Restaurant_Review-g298309-d10079320-Reviews-Masa_Ria-Kuching_Sarawak.html
Iz Burger,https://www.tripadvisor.com.my/Restaurant_Review-g298309-d12036035-Reviews-Iz_Burger-Kuching_Sarawak.html
U Cha,https://www.tripadvisor.com.my/Restaurant_Review-g298309-d8746614-Reviews-U_Cha-Kuching_Sarawak.html
Escobar Bar & Grill,https://www.tripadvisor.com.my/Restaurant_Review-g298309-d3226910-Reviews-Escobar_Bar_Grill-Kuching_Sarawak.html
Hon Hin Cafe,https://www.tripadvisor.com.my/Restaurant_Review-g298309-d14765484-Reviews-Hon_Hin_Cafe-Kuching_Sarawak.html
de Cuisine,https://www.tripadvisor.com.my/Restaurant_Review-g298309-d17383112-Reviews-De_Cuisine-Kuching_Sarawak.html
ON3 Kopitiam,https://www.tripadvisor.com.my/Restaurant_Review-g298309-d5432632-Reviews-ON3_Kopitiam-Kuching_Sarawak.html
Chicking Eating House - Petanak Outlet,https://www.tripadvisor.com.my/Restaurant_Review-g298309-d2708123-Reviews-Chicking_Eating_House_Petanak_Outlet-Kuching_Sarawak.html
Bayridge Seafood & Chinese cuisines,https://www.tripadvisor.com.my/Restaurant_Review-g298309-d8680416-Reviews-Bayridge_Seafood_Chinese_cuisines-Kuching_Sarawak.html
老行家 Expert (RH Plaza),https://www.tripadvisor.com.my/Restaurant_Review-g298309-d13656610-Reviews-Expert_RH_Plaza-Kuching_Sarawak.html
Hakka Lui Cha,https://www.tripadvisor.com.my/Restaurant_Review-g298309-d13452057-Reviews-Hakka_Lui_Cha-Kuching_Sarawak.html
Odiya Cafe,https://www.tripadvisor.com.my/Restaurant_Review-g298309-d13361006-Reviews-Odiya_Cafe-Kuching_Sarawak.html
The Farm Bistro,https://www.tripadvisor.com.my/Restaurant_Review-g298309-d11929558-Reviews-The_Farm_Bistro-Kuching_Sarawak.html
16th St Cafe,https://www.tripadvisor.com.my/Restaurant_Review-g298309-d12794653-Reviews-16th_St_Cafe-Kuching_Sarawak.html
SugarBun Pending,https://www.tripadvisor.com.my/Restaurant_Review-g298309-d5432095-Reviews-SugarBun_Pending-Kuching_Sarawak.html
Gourmet Sausage,https://www.tripadvisor.com.my/Restaurant_Review-g298309-d3176504-Reviews-Gourmet_Sausage-Kuching_Sarawak.html
Meisan Restaurant,https://www.tripadvisor.com.my/Restaurant_Review-g298309-d4107639-Reviews-Meisan_Restaurant-Kuching_Sarawak.html
Mongolian Master,https://www.tripadvisor.com.my/Restaurant_Review-g298309-d8342574-Reviews-Mongolian_Master-Kuching_Sarawak.html
Bayridge Fine Seafood,https://www.tripadvisor.com.my/Restaurant_Review-g298309-d7248034-Reviews-Bayridge_Fine_Seafood-Kuching_Sarawak.html
The Mandarin Restaurant,https://www.tripadvisor.com.my/Restaurant_Review-g298309-d11838773-Reviews-The_Mandarin_Restaurant-Kuching_Sarawak.html
Cafe Cafe,https://www.tripadvisor.com.my/Restaurant_Review-g298309-d15078895-Reviews-Cafe_Cafe-Kuching_Sarawak.html
Jom Masak Masak BBQ Steamboat Restaurant,https://www.tripadvisor.com.my/Restaurant_Review-g298309-d4468018-Reviews-Jom_Masak_Masak_BBQ_Steamboat_Restaurant-Kuching_Sarawak.html
Snack 19 Bistro,https://www.tripadvisor.com.my/Restaurant_Review-g298309-d10813963-Reviews-Snack_19_Bistro-Kuching_Sarawak.html
Rainforest Cafe,https://www.tripadvisor.com.my/Restaurant_Review-g298309-d14931123-Reviews-Rainforest_Cafe-Kuching_Sarawak.html
Mango Tree,https://www.tripadvisor.com.my/Restaurant_Review-g298309-d5432223-Reviews-Mango_Tree-Kuching_Sarawak.html
Panera,https://www.tripadvisor.com.my/Restaurant_Review-g298309-d3605135-Reviews-Panera-Kuching_Sarawak.html
Juat Siang cafe,https://www.tripadvisor.com.my/Restaurant_Review-g298309-d11645915-Reviews-Juat_Siang_cafe-Kuching_Sarawak.html
Red Kolo Mee,https://www.tripadvisor.com.my/Restaurant_Review-g298309-d10771137-Reviews-Red_Kolo_Mee-Kuching_Sarawak.html
Lian June Cafe,https://www.tripadvisor.com.my/Restaurant_Review-g298309-d8832346-Reviews-Lian_June_Cafe-Kuching_Sarawak.html
Pending Seafood Centre,https://www.tripadvisor.com.my/Restaurant_Review-g298309-d10715745-Reviews-Pending_Seafood_Centre-Kuching_Sarawak.html
Take a Break,https://www.tripadvisor.com.my/Restaurant_Review-g298309-d2260859-Reviews-Take_a_Break-Kuching_Sarawak.html
Garage Cafe,https://www.tripadvisor.com.my/Restaurant_Review-g298309-d4239995-Reviews-Garage_Cafe-Kuching_Sarawak.html
Planet Sambal,https://www.tripadvisor.com.my/Restaurant_Review-g298309-d8533183-Reviews-Planet_Sambal-Kuching_Sarawak.html
Ah Yew Laksa Stall,https://www.tripadvisor.com.my/Restaurant_Review-g298309-d1157141-Reviews-Ah_Yew_Laksa_Stall-Kuching_Sarawak.html
Yalla Yalla Arabic Cuisine,https://www.tripadvisor.com.my/Restaurant_Review-g298309-d12386995-Reviews-Yalla_Yalla_Arabic_Cuisine-Kuching_Sarawak.html
Nan & Curry Restaurant,https://www.tripadvisor.com.my/Restaurant_Review-g298309-d23025325-Reviews-Nan_Curry_Restaurant-Kuching_Sarawak.html
Kuching Beer Garden,https://www.tripadvisor.com.my/Restaurant_Review-g298309-d11712335-Reviews-Kuching_Beer_Garden-Kuching_Sarawak.html
B @ Greenhouse,https://www.tripadvisor.com.my/Restaurant_Review-g298309-d10182661-Reviews-B_Greenhouse-Kuching_Sarawak.html
Restaurant Cahaya,https://www.tripadvisor.com.my/Restaurant_Review-g298309-d21290478-Reviews-Restaurant_Cahaya-Kuching_Sarawak.html
Wonderboom,https://www.tripadvisor.com.my/Restaurant_Review-g298309-d15076280-Reviews-Wonderboom-Kuching_Sarawak.html
Desert Retreat Restaurant And Coffee Shop,https://www.tripadvisor.com.my/Restaurant_Review-g298309-d10788597-Reviews-Desert_Retreat_Restaurant_And_Coffee_Shop-Kuching_Sarawak.html
"Secret Recipe, Viva City Mall",https://www.tripadvisor.com.my/Restaurant_Review-g298309-d12293365-Reviews-Secret_Recipe_Viva_City_Mall-Kuching_Sarawak.html
333 Charcoal,https://www.tripadvisor.com.my/Restaurant_Review-g298309-d12193116-Reviews-333_Charcoal-Kuching_Sarawak.html
Sushi Mentai,https://www.tripadvisor.com.my/Restaurant_Review-g298309-d20228108-Reviews-Sushi_Mentai-Kuching_Sarawak.html
Himawari Ramen Bar,https://www.tripadvisor.com.my/Restaurant_Review-g298309-d20263583-Reviews-Himawari_Ramen_Bar-Kuching_Sarawak.html
Sin Wei Tong Cafe,https://www.tripadvisor.com.my/Restaurant_Review-g298309-d19901919-Reviews-Sin_Wei_Tong_Cafe-Kuching_Sarawak.html
Porkie's By Flavours,https://www.tripadvisor.com.my/Restaurant_Review-g298309-d2367408-Reviews-Porkie_s_By_Flavours-Kuching_Sarawak.html
Verinice,https://www.tripadvisor.com.my/Restaurant_Review-g298309-d16831712-Reviews-Verinice-Kuching_Sarawak.html
Taco Ragut,https://www.tripadvisor.com.my/Restaurant_Review-g298309-d19500721-Reviews-Taco_Ragut-Kuching_Sarawak.html
NS Burger,https://www.tripadvisor.com.my/Restaurant_Review-g298309-d19781172-Reviews-NS_Burger-Kuching_Sarawak.html
Dapo Cafe Makanan Kelantan,https://www.tripadvisor.com.my/Restaurant_Review-g298309-d15579646-Reviews-Dapo_Cafe_Makanan_Kelantan-Kuching_Sarawak.html
Hock Hai Dim Sum,https://www.tripadvisor.com.my/Restaurant_Review-g298309-d14191770-Reviews-Hock_Hai_Dim_Sum-Kuching_Sarawak.html
SUSHI ZANMAI,https://www.tripadvisor.com.my/Restaurant_Review-g298309-d12639773-Reviews-SUSHI_ZANMAI-Kuching_Sarawak.html
Kafe Table Talk,https://www.tripadvisor.com.my/Restaurant_Review-g298309-d13501965-Reviews-Kafe_Table_Talk-Kuching_Sarawak.html
Lasan Denak Food Garden,https://www.tripadvisor.com.my/Restaurant_Review-g298309-d12838383-Reviews-Lasan_Denak_Food_Garden-Kuching_Sarawak.html
Atok Kopitiam,https://www.tripadvisor.com.my/Restaurant_Review-g298309-d12645536-Reviews-Atok_Kopitiam-Kuching_Sarawak.html
Min Feng Hao Congee,https://www.tripadvisor.com.my/Restaurant_Review-g298309-d8477270-Reviews-Min_Feng_Hao_Congee-Kuching_Sarawak.html
The Lamin,https://www.tripadvisor.com.my/Restaurant_Review-g298309-d10223805-Reviews-The_Lamin-Kuching_Sarawak.html
Sukhumvit,https://www.tripadvisor.com.my/Restaurant_Review-g298309-d7262755-Reviews-Sukhumvit-Kuching_Sarawak.html
ANC Burger,https://www.tripadvisor.com.my/Restaurant_Review-g298309-d12332750-Reviews-ANC_Burger-Kuching_Sarawak.html
Little Carpenter,https://www.tripadvisor.com.my/Restaurant_Review-g298309-d11444329-Reviews-Little_Carpenter-Kuching_Sarawak.html
Haza Cafe,https://www.tripadvisor.com.my/Restaurant_Review-g298309-d12899815-Reviews-Haza_Cafe-Kuching_Sarawak.html
"Celebrity Cafe, Kuching",https://www.tripadvisor.com.my/Restaurant_Review-g298309-d6631467-Reviews-Celebrity_Cafe_Kuching-Kuching_Sarawak.html
Sisan Restaurant,https://www.tripadvisor.com.my/Restaurant_Review-g298309-d12524464-Reviews-Sisan_Restaurant-Kuching_Sarawak.html
Joyride Corner,https://www.tripadvisor.com.my/Restaurant_Review-g298309-d12460244-Reviews-Joyride_Corner-Kuching_Sarawak.html
GE Sausages,https://www.tripadvisor.com.my/Restaurant_Review-g298309-d12451255-Reviews-GE_Sausages-Kuching_Sarawak.html
Genesis Burger Sdn.Bhd,https://www.tripadvisor.com.my/Restaurant_Review-g298309-d5864825-Reviews-Genesis_Burger_Sdn_Bhd-Kuching_Sarawak.html
Suukee,https://www.tripadvisor.com.my/Restaurant_Review-g298309-d13329539-Reviews-Suukee-Kuching_Sarawak.html
Home Village Kitchen,https://www.tripadvisor.com.my/Restaurant_Review-g298309-d8318560-Reviews-Home_Village_Kitchen-Kuching_Sarawak.html
The Swing Factory,https://www.tripadvisor.com.my/Restaurant_Review-g298309-d8374543-Reviews-The_Swing_Factory-Kuching_Sarawak.html
Foody Goody Cafe,https://www.tripadvisor.com.my/Restaurant_Review-g298309-d15740280-Reviews-Foody_Goody_Cafe-Kuching_Sarawak.html
Serapi Virgin Coconut Shake,https://www.tripadvisor.com.my/Restaurant_Review-g298309-d21294279-Reviews-Serapi_Virgin_Coconut_Shake-Kuching_Sarawak.html
Fisherman Seafood,https://www.tripadvisor.com.my/Restaurant_Review-g298309-d10628549-Reviews-Fisherman_Seafood-Kuching_Sarawak.html
Caffeine & Cocoa,https://www.tripadvisor.com.my/Restaurant_Review-g298309-d8343677-Reviews-Caffeine_Cocoa-Kuching_Sarawak.html
Zu Sakuratei,https://www.tripadvisor.com.my/Restaurant_Review-g298309-d21207143-Reviews-Zu_Sakuratei-Kuching_Sarawak.html
Huo Min Cafe,https://www.tripadvisor.com.my/Restaurant_Review-g298309-d21197867-Reviews-Huo_Min_Cafe-Kuching_Sarawak.html
Bistro 56,https://www.tripadvisor.com.my/Restaurant_Review-g298309-d2523331-Reviews-Bistro_56-Kuching_Sarawak.html
Sung Heng Cafe,https://www.tripadvisor.com.my/Restaurant_Review-g298309-d13360846-Reviews-Sung_Heng_Cafe-Kuching_Sarawak.html
Come On Veggie Cafe,https://www.tripadvisor.com.my/Restaurant_Review-g298309-d19493284-Reviews-Come_On_Veggie_Cafe-Kuching_Sarawak.html
Curry House,https://www.tripadvisor.com.my/Restaurant_Review-g298309-d8765282-Reviews-Curry_House-Kuching_Sarawak.html
Go Fun Kee,https://www.tripadvisor.com.my/Restaurant_Review-g298309-d11958585-Reviews-Go_Fun_Kee-Kuching_Sarawak.html
Kueh Fah Cafe,https://www.tripadvisor.com.my/Restaurant_Review-g298309-d5863358-Reviews-Kueh_Fah_Cafe-Kuching_Sarawak.html
Big Sister Dumpling Cafe,https://www.tripadvisor.com.my/Restaurant_Review-g298309-d11707258-Reviews-Big_Sister_Dumpling_Cafe-Kuching_Sarawak.html
Haeun Dae Korean Restaurant,https://www.tripadvisor.com.my/Restaurant_Review-g298309-d10715753-Reviews-Haeun_Dae_Korean_Restaurant-Kuching_Sarawak.html
Mittsu-Hoiru Japanese Restaurant,https://www.tripadvisor.com.my/Restaurant_Review-g298309-d10458241-Reviews-Mittsu_Hoiru_Japanese_Restaurant-Kuching_Sarawak.html
Pho Master Vietnamese @ Vivacity,https://www.tripadvisor.com.my/Restaurant_Review-g298309-d15667208-Reviews-Pho_Master_Vietnamese_Vivacity-Kuching_Sarawak.html
Country Kitchen,https://www.tripadvisor.com.my/Restaurant_Review-g298309-d12215625-Reviews-Country_Kitchen-Kuching_Sarawak.html
plygrnd,https://www.tripadvisor.com.my/Restaurant_Review-g298309-d9807545-Reviews-Plygrnd-Kuching_Sarawak.html
Dayang Dapur,https://www.tripadvisor.com.my/Restaurant_Review-g298309-d15780630-Reviews-Dayang_Dapur-Kuching_Sarawak.html
Awet Thai,https://www.tripadvisor.com.my/Restaurant_Review-g298309-d9608241-Reviews-Awet_Thai-Kuching_Sarawak.html
M.T.C Magic Cook Cafe,https://www.tripadvisor.com.my/Restaurant_Review-g298309-d9558276-Reviews-M_T_C_Magic_Cook_Cafe-Kuching_Sarawak.html
Tar-Zen Food Centre,https://www.tripadvisor.com.my/Restaurant_Review-g298309-d7044035-Reviews-Tar_Zen_Food_Centre-Kuching_Sarawak.html
Choice Ria,https://www.tripadvisor.com.my/Restaurant_Review-g298309-d5432349-Reviews-Choice_Ria-Kuching_Sarawak.html
Supreme Chicken Rice,https://www.tripadvisor.com.my/Restaurant_Review-g298309-d5000550-Reviews-Supreme_Chicken_Rice-Kuching_Sarawak.html
Only Mee,https://www.tripadvisor.com.my/Restaurant_Review-g298309-d6957261-Reviews-Only_Mee-Kuching_Sarawak.html
Jade Pot,https://www.tripadvisor.com.my/Restaurant_Review-g298309-d949086-Reviews-Jade_Pot-Kuching_Sarawak.html
One Roof Cafe,https://www.tripadvisor.com.my/Restaurant_Review-g298309-d7284891-Reviews-One_Roof_Cafe-Kuching_Sarawak.html
"Homecook Padungan, Kuching, Sarawak",https://www.tripadvisor.com.my/Restaurant_Review-g298309-d3962801-Reviews-Homecook_Padungan_Kuching_Sarawak-Kuching_Sarawak.html
RJ AYAM PENYET kopitiam,https://www.tripadvisor.com.my/Restaurant_Review-g298309-d5893647-Reviews-RJ_AYAM_PENYET_kopitiam-Kuching_Sarawak.html
Three Meals Steamboat,https://www.tripadvisor.com.my/Restaurant_Review-g298309-d5431904-Reviews-Three_Meals_Steamboat-Kuching_Sarawak.html
Mangotree Bistro Kuching,https://www.tripadvisor.com.my/Restaurant_Review-g298309-d4085443-Reviews-Mangotree_Bistro_Kuching-Kuching_Sarawak.html
Garden Steamboat,https://www.tripadvisor.com.my/Restaurant_Review-g298309-d4467777-Reviews-Garden_Steamboat-Kuching_Sarawak.html
Supreme BBQ Steamboat,https://www.tripadvisor.com.my/Restaurant_Review-g298309-d5001704-Reviews-Supreme_BBQ_Steamboat-Kuching_Sarawak.html
Elements,https://www.tripadvisor.com.my/Restaurant_Review-g298309-d4059348-Reviews-Elements-Kuching_Sarawak.html
Living Room,https://www.tripadvisor.com.my/Restaurant_Review-g298309-d1166414-Reviews-Living_Room-Kuching_Sarawak.html
Fook Xing Restaurant,https://www.tripadvisor.com.my/Restaurant_Review-g298309-d7127935-Reviews-Fook_Xing_Restaurant-Kuching_Sarawak.html
New Atmosfera Restaurant,https://www.tripadvisor.com.my/Restaurant_Review-g298309-d4574438-Reviews-New_Atmosfera_Restaurant-Kuching_Sarawak.html
LL Banana Leaf,https://www.tripadvisor.com.my/Restaurant_Review-g298309-d6929718-Reviews-LL_Banana_Leaf-Kuching_Sarawak.html
Wakakakaka Cafe,https://www.tripadvisor.com.my/Restaurant_Review-g298309-d5431941-Reviews-Wakakakaka_Cafe-Kuching_Sarawak.html
Country Court,https://www.tripadvisor.com.my/Restaurant_Review-g298309-d7732041-Reviews-Country_Court-Kuching_Sarawak.html
Mr Ho Fine Food,https://www.tripadvisor.com.my/Restaurant_Review-g298309-d1070114-Reviews-Mr_Ho_Fine_Food-Kuching_Sarawak.html
One Degree 33 Cafe,https://www.tripadvisor.com.my/Restaurant_Review-g298309-d7815022-Reviews-One_Degree_33_Cafe-Kuching_Sarawak.html
1Stop Station Cafe,https://www.tripadvisor.com.my/Restaurant_Review-g298309-d5000554-Reviews-1Stop_Station_Cafe-Kuching_Sarawak.html
Pondok Laguna,https://www.tripadvisor.com.my/Restaurant_Review-g298309-d1071279-Reviews-Pondok_Laguna-Kuching_Sarawak.html
Wonderful Place,https://www.tripadvisor.com.my/Restaurant_Review-g298309-d7598642-Reviews-Wonderful_Place-Kuching_Sarawak.html
Secret Recipe,https://www.tripadvisor.com.my/Restaurant_Review-g298309-d13341253-Reviews-Secret_Recipe-Kuching_Sarawak.html
Serapi Garden Cafe,https://www.tripadvisor.com.my/Restaurant_Review-g298309-d12154084-Reviews-Serapi_Garden_Cafe-Kuching_Sarawak.html
M3 Food Court,https://www.tripadvisor.com.my/Restaurant_Review-g298309-d10169353-Reviews-M3_Food_Court-Kuching_Sarawak.html
Subway,https://www.tripadvisor.com.my/Restaurant_Review-g298309-d15238339-Reviews-Subway-Kuching_Sarawak.html
Crystal Garden Restaurant,https://www.tripadvisor.com.my/Restaurant_Review-g298309-d3723251-Reviews-Crystal_Garden_Restaurant-Kuching_Sarawak.html
Nasi Lemak Ganja,https://www.tripadvisor.com.my/Restaurant_Review-g298309-d17336892-Reviews-Nasi_Lemak_Ganja-Kuching_Sarawak.html
Teo Seafood,https://www.tripadvisor.com.my/Restaurant_Review-g298309-d8614463-Reviews-Teo_Seafood-Kuching_Sarawak.html
Station One,https://www.tripadvisor.com.my/Restaurant_Review-g298309-d2286397-Reviews-Station_One-Kuching_Sarawak.html
Gala Corner,https://www.tripadvisor.com.my/Restaurant_Review-g298309-d17168581-Reviews-Gala_Corner-Kuching_Sarawak.html
Mango Tree Bistro,https://www.tripadvisor.com.my/Restaurant_Review-g298309-d4102605-Reviews-Mango_Tree_Bistro-Kuching_Sarawak.html
Thanh Thao Cafe,https://www.tripadvisor.com.my/Restaurant_Review-g298309-d18972619-Reviews-Thanh_Thao_Cafe-Kuching_Sarawak.html
Restoran Maju Jaya,https://www.tripadvisor.com.my/Restaurant_Review-g298309-d5439387-Reviews-Restoran_Maju_Jaya-Kuching_Sarawak.html
Ammah Curry House,https://www.tripadvisor.com.my/Restaurant_Review-g298309-d11865535-Reviews-Ammah_Curry_House-Kuching_Sarawak.html
3H's Corner,https://www.tripadvisor.com.my/Restaurant_Review-g298309-d4026152-Reviews-3H_s_Corner-Kuching_Sarawak.html
Noor Indian Restaurant,https://www.tripadvisor.com.my/Restaurant_Review-g298309-d10537687-Reviews-Noor_Indian_Restaurant-Kuching_Sarawak.html
Bake By Piosa,https://www.tripadvisor.com.my/Restaurant_Review-g298309-d12320301-Reviews-Bake_By_Piosa-Kuching_Sarawak.html
Jubilee Restaurant,https://www.tripadvisor.com.my/Restaurant_Review-g298309-d12988486-Reviews-Jubilee_Restaurant-Kuching_Sarawak.html
Chopstick Garden,https://www.tripadvisor.com.my/Restaurant_Review-g298309-d12326463-Reviews-Chopstick_Garden-Kuching_Sarawak.html
Hornbill Barbeque Steamboat,https://www.tripadvisor.com.my/Restaurant_Review-g298309-d930251-Reviews-Hornbill_Barbeque_Steamboat-Kuching_Sarawak.html
Motowners Cafe,https://www.tripadvisor.com.my/Restaurant_Review-g298309-d14165434-Reviews-Motowners_Cafe-Kuching_Sarawak.html
Once Upon A Cafe,https://www.tripadvisor.com.my/Restaurant_Review-g298309-d8842997-Reviews-Once_Upon_A_Cafe-Kuching_Sarawak.html
Spoon Cafe,https://www.tripadvisor.com.my/Restaurant_Review-g298309-d10726754-Reviews-Spoon_Cafe-Kuching_Sarawak.html
Sidewalk Cafe,https://www.tripadvisor.com.my/Restaurant_Review-g298309-d12432055-Reviews-Sidewalk_Cafe-Kuching_Sarawak.html
Thumb's,https://www.tripadvisor.com.my/Restaurant_Review-g298309-d23019549-Reviews-Thumb_s-Kuching_Sarawak.html
Seven Days Bistro,https://www.tripadvisor.com.my/Restaurant_Review-g298309-d20125987-Reviews-Seven_Days_Bistro-Kuching_Sarawak.html
Cafe,https://www.tripadvisor.com.my/Restaurant_Review-g298309-d12215770-Reviews-Cafe-Kuching_Sarawak.html
Engkayu Kitai Cafe And Bistro,https://www.tripadvisor.com.my/Restaurant_Review-g298309-d11799276-Reviews-Engkayu_Kitai_Cafe_And_Bistro-Kuching_Sarawak.html
Batu Kawa,https://www.tripadvisor.com.my/Restaurant_Review-g298309-d15223238-Reviews-Batu_Kawa-Kuching_Sarawak.html
Sugar Dynasty,https://www.tripadvisor.com.my/Restaurant_Review-g298309-d13355881-Reviews-Sugar_Dynasty-Kuching_Sarawak.html
D Cahaya Cafe,https://www.tripadvisor.com.my/Restaurant_Review-g298309-d21292788-Reviews-D_Cahaya_Cafe-Kuching_Sarawak.html
Heavenly Pandan Cafe,https://www.tripadvisor.com.my/Restaurant_Review-g298309-d9704296-Reviews-Heavenly_Pandan_Cafe-Kuching_Sarawak.html
The Hash Cafe,https://www.tripadvisor.com.my/Restaurant_Review-g298309-d20978849-Reviews-The_Hash_Cafe-Kuching_Sarawak.html
Publique Wine And Dine,https://www.tripadvisor.com.my/Restaurant_Review-g298309-d10841342-Reviews-Publique_Wine_And_Dine-Kuching_Sarawak.html
Steak House,https://www.tripadvisor.com.my/Restaurant_Review-g298309-d13413212-Reviews-Steak_House-Kuching_Sarawak.html
3IC Food Station,https://www.tripadvisor.com.my/Restaurant_Review-g298309-d13630983-Reviews-3IC_Food_Station-Kuching_Sarawak.html
Overseas Seafood Restaurant,https://www.tripadvisor.com.my/Restaurant_Review-g298309-d17567455-Reviews-Overseas_Seafood_Restaurant-Kuching_Sarawak.html
Apo's Hainan Chicken Rice,https://www.tripadvisor.com.my/Restaurant_Review-g298309-d3653622-Reviews-Apo_s_Hainan_Chicken_Rice-Kuching_Sarawak.html
Fat Moo Noodles Cafe,https://www.tripadvisor.com.my/Restaurant_Review-g298309-d9742524-Reviews-Fat_Moo_Noodles_Cafe-Kuching_Sarawak.html
Peanuts & Anchovies,https://www.tripadvisor.com.my/Restaurant_Review-g298309-d15690493-Reviews-Peanuts_Anchovies-Kuching_Sarawak.html
Big Veggie,https://www.tripadvisor.com.my/Restaurant_Review-g298309-d19095197-Reviews-Big_Veggie-Kuching_Sarawak.html
Bungai Terung Ethnic Cafe,https://www.tripadvisor.com.my/Restaurant_Review-g298309-d12080070-Reviews-Bungai_Terung_Ethnic_Cafe-Kuching_Sarawak.html
Gerai Char Kuey Tiaw,https://www.tripadvisor.com.my/Restaurant_Review-g298309-d5498318-Reviews-Gerai_Char_Kuey_Tiaw-Kuching_Sarawak.html
Lehanis Cafe,https://www.tripadvisor.com.my/Restaurant_Review-g298309-d17388440-Reviews-Lehanis_Cafe-Kuching_Sarawak.html
Mummy Patz Dayak Cafe,https://www.tripadvisor.com.my/Restaurant_Review-g298309-d17393771-Reviews-Mummy_Patz_Dayak_Cafe-Kuching_Sarawak.html
Cat City Cafe and Bistro 2,https://www.tripadvisor.com.my/Restaurant_Review-g298309-d23460699-Reviews-Cat_City_Cafe_and_Bistro_2-Kuching_Sarawak.html
Mangkuk Merah,https://www.tripadvisor.com.my/Restaurant_Review-g298309-d12006756-Reviews-Mangkuk_Merah-Kuching_Sarawak.html
The Manhattan FISH MARKET,https://www.tripadvisor.com.my/Restaurant_Review-g298309-d13143788-Reviews-The_Manhattan_FISH_MARKET-Kuching_Sarawak.html
Wucha 18,https://www.tripadvisor.com.my/Restaurant_Review-g298309-d12385745-Reviews-Wucha_18-Kuching_Sarawak.html
McDonald's,https://www.tripadvisor.com.my/Restaurant_Review-g298309-d19972522-Reviews-McDonald_s-Kuching_Sarawak.html
Tracy's Kitchen,https://www.tripadvisor.com.my/Restaurant_Review-g298309-d15155195-Reviews-Tracy_s_Kitchen-Kuching_Sarawak.html
Lau Ya Kent Kueh Chap,https://www.tripadvisor.com.my/Restaurant_Review-g298309-d15811759-Reviews-Lau_Ya_Kent_Kueh_Chap-Kuching_Sarawak.html
L and L Seafood,https://www.tripadvisor.com.my/Restaurant_Review-g298309-d10863114-Reviews-L_and_L_Seafood-Kuching_Sarawak.html
Bayreach Seafood Restaurant,https://www.tripadvisor.com.my/Restaurant_Review-g298309-d2701868-Reviews-Bayreach_Seafood_Restaurant-Kuching_Sarawak.html
